<!--
  Launch capability server with default providers 
 -->
<launch>
  <arg name="base"/>
  <arg name="3d_sensor"/>
  <!-- Start capability server including parameters for base-specific default providers -->
  <arg name="test_case" default="minimal" />
  <arg name="debug" default="false" />

  <node pkg="capabilities" name="capability_server" type="capability_server" required="true">
    <env name="ROS_PACKAGE_PATH"
         value="$(find capabilities)/test/unit/discovery_workspaces/$(arg test_case):$(env ROS_PACKAGE_PATH)" />
    <param name="debug" value="true" if="$(arg debug)" />
    <param name="defaults/minimal_pkg/Minimal" value="minimal_pkg/minimal" />
    <param name="defaults/minimal_pkg/SpecificMinimal" value="minimal_pkg/specific_minimal" />
    <!-- base-agnostic default providers -->
    <rosparam file="$(find turtlebot_bringup)/param/defaults/capability_providers.yaml" command="load"/>
    <!-- base-specific default providers -->
    <rosparam file="$(find turtlebot_bringup)/param/$(arg base)/capability_providers.yaml" command="load"/>
    <!-- 3D sensor-specific default providers -->
    <rosparam file="$(find turtlebot_bringup)/param/$(arg 3d_sensor)/capability_providers.yaml" command="load"/>
    <rosparam param="package_whitelist">
      - minimal_pkg
      - std_capabilities
      - turtlebot_capabilities
      - kobuki_capabilities
    </rosparam>
    <rosparam param="blacklist">
      - 'std_capabilities/Navigation2D'
      - 'std_capabilities/MultiEchoLaserSensor'
    </rosparam>
  </node>
</launch>
