<!--
  The mobile platform base.
  
  Selector for the base.
 -->
<launch>
  <!-- mobile base nodelet manager -->
  <node pkg="nodelet" type="nodelet" name="mobile_base_nodelet_manager" args="manager"/>
  
  <!-- mobile base -->
  <arg name="base"/>
  <arg name="serialport"/>
  <include file="$(find turtlebot_bringup)/launch/includes/$(arg base)/mobile_base.launch.xml">
    <arg name="serialport" value="$(arg serialport)"/>
    <arg name="manager" value="mobile_base_nodelet_manager"/>
  </include>
  
  <!-- velocity commands multiplexer -->
  <node pkg="nodelet" type="nodelet" name="cmd_vel_mux" args="load yocs_cmd_vel_mux/CmdVelMuxNodelet mobile_base_nodelet_manager">
    <param name="yaml_cfg_file" value="$(find turtlebot_bringup)/param/mux.yaml"/>
    <remap from="cmd_vel_mux/output" to="mobile_base/commands/velocity"/>
  </node>
</launch>
